,indice,id,diagnosis,radius_mean,texture_mean,perimeter_mean,area_mean,smoothness_mean,compactness_mean,concavity_mean,concave_points_mean,...
0,0,842302,M,17.99,,122.8,1001.0,0.1184,0.2776,0.3001,0.1471,...
1,1,842517,M,20.57,17.77,132.9,1326.0,0.08474,0.07864,0.0869,0.07017000000000001,...
2,2,84300903,M,19.69,21.25,130.0,1203.0,0.1096,0.1599,0.1974,0.1279,...
3,3,84348301,M,11.42,20.38,77.58,386.1,,0.2839,0.2414,0.1052,...
4,4,84358402,M,20.29,14.34,135.1,1297.0,0.1003,0.1328,0.198,0.1043,...
